[
  {
    "icon": "fa fa-home",
    "slug": "external",
    "title": "Volver al inicio",
    "path": "index.html"
  },  
  { 
    "id": 1,
    "icon": "fa fa-play-circle",
    "slug": "introduccion",
    "title": "Introducción",
    "breadcrumb": ["Inicio","Introducción"],
    "path": "pages/introduccion.html"
  },  
  { 
    "id": 1,
    "icon": "fa fa-file-text",
    "slug": "Clasificacion_de_defectos",
    "title": "1. Clasificación de defectos",
    "breadcrumb": ["Inicio","Introducción"],
    "path": "pages/1-tema.html",    
    "submenu": [
      {
        "icon": "fa fa-file-text",
        "slug": "Clasificacion_de_defectos",
        "title": "1.1. Nivel del defecto",
        "anchor": "11"
      },   
      {
        "icon": "fa fa-file-text",
        "slug": "Clasificacion_de_defectos",
        "title": "1.2. Ubicación del defecto",
        "anchor": "12"
      },   
      {
        "icon": "fa fa-file-text",
        "slug": "Clasificacion_de_defectos",
        "title": "1.3. Uso de tablas militares",
        "anchor": "13"
      }     
    ]   
  },
  { 
    "id": 1,
    "icon": "fa fa-file-text",
    "slug": "Informes_de_calidad",
    "title": "2. Informes de calidad",
    "breadcrumb": ["Inicio","Introducción"],
    "path": "pages/2-tema.html",    
    "submenu": [
      {
        "icon": "fa fa-file-text",
        "slug": "Informes_de_calidad",
        "title": "2.1. Indicadores de calidad",
        "anchor": "21"
      },   
      {
        "icon": "fa fa-file-text",
        "slug": "Informes_de_calidad",
        "title": "2.2. Técnicas de calidad: 7 herramientas de control de calidad",
        "anchor": "22"
      },   
      {
        "icon": "fa fa-file-text",
        "slug": "Informes_de_calidad",
        "title": "2.3. Plan de acciones de calidad",
        "anchor": "23"
      }    
    ]   
  }
]